{
	"id": "Auth0",
	"title": "Auth0 Access Management(using Azure Function)",
	"publisher": "Auth0",
	"descriptionMarkdown": "The [Auth0 Access Management](https://auth0.com/access-management) data connector provides the capability to ingest [Auth0 log events](https://auth0.com/docs/api/management/v2/#!/Logs/get_logs) into Microsoft Sentinel",
	"additionalRequirementBanner": "These queries are dependent on a parser based on a Kusto Function deployed as part of the solution.",
	"graphQueries": [
        {
			"metricName": "Total data received",
			"legend": "Auth0AM_CL",
			"baseQuery": "Auth0AM_CL"
		}
	],
	"sampleQueries": [{
		"description": "All logs",
		"query": "Auth0AM_CL\n | sort by TimeGenerated desc"
	}
],
	"dataTypes": [{
			"name": "Auth0AM_CL",
			"lastDataReceivedQuery": "Auth0AM_CL\n            | summarize Time = max(TimeGenerated)\n            | where isnotempty(Time)"
		}
	],
	"connectivityCriterias": [{
			"type": "IsConnectedQuery",
			"value": [
				"Auth0AM_CL\n            | summarize LastLogReceived = max(TimeGenerated)\n            | project IsConnected = LastLogReceived > ago(30d)"
			]
		}
	],
	"availability": {
		"status": 1,
		"isPreview": false
	},
	"permissions": {
		"resourceProvider": [{
				"provider": "Microsoft.OperationalInsights/workspaces",
				"permissionsDisplayText": "read and write permissions on the workspace are required.",
				"providerDisplayName": "Workspace",
				"scope": "Workspace",
				"requiredPermissions": {
					"write": true,
					"read": true,
					"delete": true
				}
			},
			{
				"provider": "Microsoft.OperationalInsights/workspaces/sharedKeys",
				"permissionsDisplayText": "read permissions to shared keys for the workspace are required. [See the documentation to learn more about workspace keys](https://docs.microsoft.com/azure/azure-monitor/platform/agent-windows#obtain-workspace-id-and-key).",
				"providerDisplayName": "Keys",
				"scope": "Workspace",
				"requiredPermissions": {
					"action": true
				}
			}
		],
		"customs": [{
				"name": "Microsoft.Web/sites permissions",
				"description": "Read and write permissions to Azure Functions to create a Function App is required. [See the documentation to learn more about Azure Functions](https://docs.microsoft.com/azure/azure-functions/)."
			},
			{
				"name": "REST API Credentials/permissions",
				"description": "**API token** is required. [See the documentation to learn more about API token](https://auth0.com/docs/secure/tokens/access-tokens/get-management-api-access-tokens-for-production)"
			}
		]
	},
	"instructionSteps": [{
			"title": "",
			"description": ">**NOTE:** This connector uses Azure Functions to connect to the Auth0 Management APIs to pull its logs into Microsoft Sentinel. This might result in additional data ingestion costs. Check the [Azure Functions pricing page](https://azure.microsoft.com/pricing/details/functions/) for details."
		},
		{
			"title": "",
			"description": ">**(Optional Step)** Securely store workspace and API authorization key(s) or token(s) in Azure Key Vault. Azure Key Vault provides a secure mechanism to store and retrieve key values. [Follow these instructions](https://docs.microsoft.com/azure/app-service/app-service-key-vault-references) to use Azure Key Vault with an Azure Function App."
		},
		{
			"title": "",
			"description": "**STEP 1 - Configuration steps for the Auth0 Management API**\n\n Follow the instructions to obtain the credentials.\n\n1. In Auth0 Dashboard, go to **Applications > Applications**.\n2. Select your Application. This should be a \"Machine-to-Machine\" Application configured with at least **read:logs** and **read:logs_users** permissions.\n3. Copy **Domain, ClientID, Client Secret**"
		},
		{
			"title": "",
			"description": "**STEP 2 - Choose ONE from the following two deployment options to deploy the connector and the associated Azure Function**\n\n>**IMPORTANT:** Before deploying the Auth0 Access Management data connector, have the Workspace ID and Workspace Primary Key (can be copied from the following).",
			"instructions": [{
					"parameters": {
						"fillWith": [
							"WorkspaceId"
						],
						"label": "Workspace ID"
					},
					"type": "CopyableLabel"
				},
				{
					"parameters": {
						"fillWith": [
							"PrimaryKey"
						],
						"label": "Primary Key"
					},
					"type": "CopyableLabel"
				}
			]
		},
		{
			"title": "Option 1 - Azure Resource Manager (ARM) Template",
			"description": "Use this method for automated deployment of the Auth0 Access Management data connector using an ARM Template.\n\n1. Click the **Deploy to Azure** button below. \n\n\t[![Deploy To Azure](https://aka.ms/deploytoazurebutton)](https://aka.ms/sentinel-Auth0AccessManagement-azuredeploy)\n2. Select the preferred **Subscription**, **Resource Group** and **Location**. \n> **NOTE:** Within the same resource group, you can't mix Windows and Linux apps in the same region. Select existing resource group without Windows apps in it or create new resource group.\n3. Enter the ****Domain, ClientID, Client Secret****, **AzureSentinelWorkspaceId**, **AzureSentinelSharedKey**. \n4. Mark the checkbox labeled **I agree to the terms and conditions stated above**. \n5. Click **Purchase** to deploy."
		},
		{
			"title": "Option 2 - Manual Deployment of Azure Functions",
			"description": "Use the following step-by-step instructions to deploy the Auth0 Access Management data connector manually with Azure Functions (Deployment via Visual Studio Code)."
		},
		{
			"title": "",
			"description": "**1. Deploy a Function App**\n\n> **NOTE:** You will need to [prepare VS code](https://docs.microsoft.com/azure/azure-functions/functions-create-first-function-python#prerequisites) for Azure function development.\n\n1. Download the [Azure Function App](https://aka.ms/sentinel-Auth0AccessManagement-azuredeploy) file. Extract archive to your local development computer.\n2. Start VS Code. Choose File in the main menu and select Open Folder.\n3. Select the top level folder from extracted files.\n4. Choose the Azure icon in the Activity bar, then in the **Azure: Functions** area, choose the **Deploy to function app** button.\nIf you aren't already signed in, choose the Azure icon in the Activity bar, then in the **Azure: Functions** area, choose **Sign in to Azure**\nIf you're already signed in, go to the next step.\n5. Provide the following information at the prompts:\n\n\ta. **Select folder:** Choose a folder from your workspace or browse to one that contains your function app.\n\n\tb. **Select Subscription:** Choose the subscription to use.\n\n\tc. Select **Create new Function App in Azure** (Don't choose the Advanced option)\n\n\td. **Enter a globally unique name for the function app:** Type a name that is valid in a URL path. The name you type is validated to make sure that it's unique in Azure Functions. (e.g. Auth0AMXXXXX).\n\n\te. **Select a runtime:** Choose Python 3.11.\n\n\tf. Select a location for new resources. For better performance and lower costs choose the same [region](https://azure.microsoft.com/regions/) where Microsoft Sentinel is located.\n\n6. Deployment will begin. A notification is displayed after your function app is created and the deployment package is applied.\n7. Go to Azure Portal for the Function App configuration."
		},
		{
			"title": "",
			"description": "**2. Configure the Function App**\n\n1. In the Function App, select the Function App Name and select **Configuration**.\n2. In the **Application settings** tab, select ** New application setting**.\n3. Add each of the following application settings individually, with their respective string values (case-sensitive): \n\t\tDOMAIN\n\t\tCLIENT_ID\n\t\tCLIENT_SECRET\n\t\tWorkspaceID\n\t\tWorkspaceKey\n\t\tlogAnalyticsUri (optional)\n> - Use logAnalyticsUri to override the log analytics API endpoint for dedicated cloud. For example, for public cloud, leave the value empty; for Azure GovUS cloud environment, specify the value in the following format: `https://<CustomerId>.ods.opinsights.azure.us`.\n4. Once all application settings have been entered, click **Save**."
		}
	],
	"metadata": {
        "id": "056770e6-8e29-4341-8239-4b38fcd9f53d",
        "version": "1.0.0",
        "kind": "dataConnector",
        "source": {
            "kind": "solution"
        },
        "author": {
            "name": "Microsoft"
        },
        "support": {
            "tier": "Microsoft",
            "name": "Microsoft",
			"link":"https://support.microsoft.com/"
        }
    }
}