{
  "Name": "Auth0",
  "Author": "Microsoft - support@microsoft.com",
  "Logo": "<img src=\"https://raw.githubusercontent.com/Azure/Azure-Sentinel/master/Logos/Auth0.svg\" width=\"75px\" height=\"75px\">",
  "Description": "The [Auth0 Access Management](https://auth0.com/access-management) solution for Microsoft Sentinel provides the capability to ingest [Auth0 log events](https://auth0.com/docs/api/management/v2/#!/Logs/get_logs) into your Microsoft Sentinel workspace.\r\n  \r\n  **Underlying Microsoft Technologies used:** \r\n\r\n This solution takes a dependency on the following technologies, and some of these dependencies either may be in [Preview](https://azure.microsoft.com/support/legal/preview-supplemental-terms/) state or might result in additional ingestion or operational costs:\r\n\n  a. [Azure Monitor HTTP Data Collector API](https://docs.microsoft.com/azure/azure-monitor/logs/data-collector-api)\r\n\n b. [Azure Functions](https://azure.microsoft.com/services/functions/#overview)\r\n\n",
  "Data Connectors": [
    "Data Connectors/Auth0_FunctionApp.json",
    "Data Connectors/Auth0_CCP/DataConnectorDefinition.json"
  ],
  "Parsers": [
    "Parsers/Auth0AM.yaml",
    "Parsers/Auth0.yaml"
  ],
  "Metadata": "SolutionMetadata.json",
  "BasePath": "C:\\Github\\Azure-Sentinel\\Solutions\\Auth0",
  "Version": "3.1.0",
  "TemplateSpec": true,
  "Is1PConnector": false,
  "createPackage": false
}