{
  "location": {
    "type": "string",
    "minLength": 1,
    "defaultValue": "[resourceGroup().location]",
    "metadata": {
      "description": "Not used, but needed to pass arm-ttk test `Location-Should-Not-Be-Hardcoded`.  We instead use the `workspace-location` which is derived from the LA workspace"
    }
  },
  "workspace-location": {
    "type": "string",
    "defaultValue": "",
    "metadata": {
      "description": "[concat('Region to deploy solution resources -- separate from location selection',parameters('location'))]"
    }
  },
  "workspace": {
    "defaultValue": "",
    "type": "string",
    "metadata": {
      "description": "Workspace name for Log Analytics where Microsoft Sentinel is setup"
    }
  },
  "resourceGroupName": {
    "type": "string",
    "defaultValue": "[resourceGroup().name]",
    "metadata": {
      "description": "resource group name where Microsoft Sentinel is setup"
    }
  },
  "subscription": {
    "type": "string",
    "defaultValue": "[last(split(subscription().id, '/'))]",
    "metadata": {
      "description": "subscription id where Microsoft Sentinel is setup"
    }
  }
}
