{
    "name": "Auth0ConnectorCCPDefinition",
    "apiVersion": "2022-09-01-preview",
    "type": "Microsoft.SecurityInsights/dataConnectorDefinitions",
    "location": "[parameters('workspace-location')]",
    "kind": "Customizable",
    "properties": {
        "connectorUiConfig": {
            "id": "Auth0ConnectorCCPDefinition",
            "title": "Auth0 Logs",
            "publisher": "Microsoft",
            "descriptionMarkdown": "The [Auth0](https://auth0.com/docs/api/management/v2/logs/get-logs) data connector allows ingesting logs from Auth0 API into Microsoft Sentinel. The data connector is built on Microsoft Sentinel Codeless Connector Platform. It uses Auth0 API to fetch logs and it supports DCR-based [ingestion time transformations](https://docs.microsoft.com/azure/azure-monitor/logs/custom-logs-overview) that parses the received security data into a custom table so that queries don't need to parse it again, thus resulting in better performance.",
            "graphQueries": [
                {
                    "metricName": "Total logs received",
                    "legend": "Auth0 Logs",
                    "baseQuery": "Auth0Logs_CL"
                }
            ],
            "sampleQueries": [
                {
                    "description": "Get Sample of Auth0 logs",
                    "query": "Auth0Logs_CL | take 10"
                }
            ],
            "dataTypes": [
                {
                    "name": "Auth0Logs_CL",
                    "lastDataReceivedQuery": "Auth0Logs_CL\n       | where TimeGenerated > ago(12h)                | summarize Time = max(TimeGenerated)\n            | where isnotempty(Time)"
                }
            ],
            "connectivityCriteria": [
                {
                    "type": "HasDataConnectors",
                    "value": null
                }
            ],
            "availability": {
                "status": 1,
                "isPreview": false
            },
            "permissions": {
                "tenant": null,
                "licenses": null,
                "resourceProvider": [
                    {
                        "provider": "Microsoft.OperationalInsights/workspaces",
                        "permissionsDisplayText": "Read and Write permissions are required.",
                        "providerDisplayName": "Workspace",
                        "scope": "Workspace",
                        "requiredPermissions": {
                            "read": true,
                            "write": true,
                            "delete": true,
                            "action": false
                        }
                    }
                ]
            },
            "instructionSteps": [
                {
                    "instructions": [
                        {
                            "type": "Markdown",
                            "parameters": {
                                "content": "#### STEP 1 - Configuration steps for the Auth0 Management API"
                            }
                        },
                        {
                            "type": "Markdown",
                            "parameters": {
                                "content": "Follow the instructions to obtain the credentials. \n 1. In Auth0 Dashboard, go to [**Applications > Applications**]\n 2. Select your Application. This should be a [**Machine-to-Machine**] Application configured with at least [**read:logs**] and [**read:logs_users**] permissions. \n 3. Copy [**Domain, ClientID, Client Secret**]"
                            }
                        },
                        {
                            "parameters": {
                                "label": "Base API URL",
                                "placeholder": "https://example.auth0.com",
                                "type": "text",
                                "name": "Domain"
                            },
                            "type": "Textbox"
                        },
                        {
                            "parameters": {
                                "label": "Client ID",
                                "placeholder": "Client ID",
                                "type": "text",
                                "name": "ClientId"
                            },
                            "type": "Textbox"
                        },
                        {
                            "type": "Textbox",
                            "parameters": {
                                "label": "Client Secret",
                                "placeholder": "API Token",
                                "type": "password",
                                "name": "ClientSecret"
                            }
                        },
                        {
                            "parameters": {
                                "label": "toggle",
                                "name": "toggle"
                            },
                            "type": "ConnectionToggleButton"
                        }
                    ],
                    "innerSteps": null
                }
            ],
            "isConnectivityCriteriasMatchSome": false
        }
    }
}