{
    "name": "Auth0LogsDCR",
    "apiVersion": "2021-09-01-preview",
    "type": "Microsoft.Insights/dataCollectionRules",
    "location": "[parameters('workspace-location')]",
    "kind": null,
    "properties": {
        "streamDeclarations": {
            "Custom-Auth0Logs": {
                "columns": [
                    {
                        "name": "date",
                        "type": "datetime"
                    },
                    {
                        "name": "type",
                        "type": "string"
                    },
                    {
                        "name": "description",
                        "type": "string"
                    },
                    {
                        "name": "connection",
                        "type": "string"
                    },
                    {
                        "name": "connection_id",
                        "type": "string"
                    },
                    {
                        "name": "client_id",
                        "type": "string"
                    },
                    {
                        "name": "client_name",
                        "type": "string"
                    },
                    {
                        "name": "ip",
                        "type": "string"
                    },
                    {
                        "name": "user_agent",
                        "type": "string"
                    },
                    {
                        "name": "hostname",
                        "type": "string"
                    },
                    {
                        "name": "user_id",
                        "type": "string"
                    },
                    {
                        "name": "user_name",
                        "type": "string"
                    },
                    {
                        "name": "audience",
                        "type": "string"
                    },
                    {
                        "name": "scope",
                        "type": "string"
                    },
                    {
                        "name": "strategy",
                        "type": "string"
                    },
                    {
                        "name": "strategy_type",
                        "type": "string"
                    },
                    {
                        "name": "location_info",
                        "type": "dynamic"
                    },
                    {
                        "name": "details",
                        "type": "dynamic"
                    },
                    {
                        "name": "log_id",
                        "type": "string"
                    },
                    {
                        "name": "tenant_name",
                        "type": "string"
                    },
                    {
                        "name": "isMobile",
                        "type": "boolean"
                    }
                ]
            }
        },
        "destinations": {
            "logAnalytics": [
                {
                    "workspaceResourceId": "[variables('workspaceResourceId')]",
                    "name": "clv2ws1"
                }
            ]
        },
        "dataFlows": [
            {
                "streams": [
                    "Custom-Auth0Logs"
                ],
                "destinations": [
                    "clv2ws1"
                ],
                "transformKql": "source| extend TimeGenerated = ['date'] , EventType = type | project-rename Description = description, Connection = connection, ConnectionId = connection_id, ClientId = client_id, ClientName = client_name, SrcIpAddr = ip, HttpUserAgent = user_agent, SrcHostname = hostname, ActorUserId = user_id, ActorUsername = user_name, Audience = audience, Scope = scope, Strategy = strategy, StrategyType = strategy_type, LocationInfo = location_info, Details = details, LogId = log_id, TenantName = tenant_name, IsMobile = isMobile | project-away ['date'], type",
                "outputStream": "Custom-Auth0Logs_CL"
            }
            
        ],
        "dataCollectionEndpointId": "[concat('/subscriptions/',parameters('subscription'),'/resourceGroups/',parameters('resourceGroupName'),'/providers/Microsoft.Insights/dataCollectionEndpoints/',parameters('workspace'))]"
    }
}