{
    "type": "Microsoft.SecurityInsights/dataConnectors",
    "apiVersion": "2021-10-01-preview",
    "name": "Auth0Logs",
    "location": "[parameters('workspace-location')]",
    "kind": "RestApiPoller",
    "properties": {
        "connectorDefinitionName": "Auth0ConnectorCCPDefinition",
        "dataType": "Auth0Logs_CL",
        "auth": {
            "type": "OAuth2",
            "ClientId": "[[parameters('ClientId')]",
            "ClientSecret": "[[parameters('ClientSecret')]",
            "GrantType": "client_credentials",
            "TokenEndpoint": "[[concat(parameters('Domain'),'/oauth/token')]",
            "TokenEndpointQueryParameters": {
                "audience": "[[concat(parameters('Domain'),'/api/v2/')]"
            }
        },
        "request": {
            "apiEndpoint": "[[concat(parameters('Domain'),'/api/v2/logs')]",
            "headers": {
                "Accept": "application/json"
            },
            "httpMethod": "Get",
            "QueryParameters": {
            }
        },
        "response": {
            "eventsJsonPaths": [
                "$"
            ],
            "format": "json"
        },
        "dcrConfig": {
            "streamName": "Custom-Auth0Logs",
            "dataCollectionEndpoint": "[[parameters('dcrConfig').dataCollectionEndpoint]",
            "dataCollectionRuleImmutableId": "[[parameters('dcrConfig').dataCollectionRuleImmutableId]"
        },
        "Paging": {
            "pagingType" : "PersistentToken", 
            "nextPageParaName" : "from", 
            "nextPageTokenJsonPath" : "$.[-1:].log_id",
            "PageSizeParameterName": "take",
            "PageSize": 100
           }
        
    }
}