{
    "name": "Auth0Logs_CL",
    "apiVersion": "2021-03-01-privatepreview",
    "type": "Microsoft.OperationalInsights/workspaces/tables",
    "location": "[parameters('workspace-location')]",
    "kind": null,
    "properties": {
        "schema": {
            "name": "Auth0Logs_CL",
            "columns": [
                {
                    "name": "TimeGenerated",
                    "type": "datetime"
                },
                {
                    "name": "event_date",
                    "type": "datetime"
                },
                {
                    "name": "EventType",
                    "type": "string"
                },
                {
                    "name": "Description",
                    "type": "string"
                },
                {
                    "name": "Connection",
                    "type": "string"
                },
                {
                    "name": "ConnectionId",
                    "type": "string"
                },
                {
                    "name": "ClientId",
                    "type": "string"
                },
                {
                    "name": "ClientName",
                    "type": "string"
                },
                {
                    "name": "SrcIpAddr",
                    "type": "string"
                },
                {
                    "name": "HttpUserAgent",
                    "type": "string"
                },
                {
                    "name": "SrcHostname",
                    "type": "string"
                },
                {
                    "name": "ActorUserId",
                    "type": "string"
                },
                {
                    "name": "ActorUsername",
                    "type": "string"
                },
                {
                    "name": "Audience",
                    "type": "string"
                },
                {
                    "name": "Scope",
                    "type": "string"
                },
                {
                    "name": "Strategy",
                    "type": "string"
                },
                {
                    "name": "StrategyType",
                    "type": "string"
                },
                {
                    "name": "LocationInfo",
                    "type": "dynamic"
                },
                {
                    "name": "Details",
                    "type": "dynamic"
                },
                {
                    "name": "LogId",
                    "type": "string"
                },
                {
                    "name": "TenantName",
                    "type": "string"
                },
                {
                    "name": "IsMobile",
                    "type": "boolean"
                }
            ]
        }
    }
}